KEY,06-26-2018,09-13-2018,02-26-2019,06-25-2019,under_30,under_60,new_voter,four_x,four_x_under_30,four_x_under_60,skipped_patel,age_in_02-26-2019,age_in_06-25-2019,age_in_09-13-2018,age_in_06-26-2018
30038,78,107,65,85,21,124,13,24,2,20,47,46.369846153846176,43.097529411764725,44.65383177570091,42.55923076923077
30056,80,100,58,106,13,125,21,30,2,24,36,46.13327586206896,44.23556603773586,43.84969999999999,44.379500000000014
30064,30,56,27,56,16,64,12,11,1,11,32,43.15222222222222,42.91732142857143,43.24375000000001,43.05700000000001
30066,76,109,70,116,22,123,18,31,3,26,45,43.93585714285713,43.635172413793114,44.648073394495434,42.91447368421052
30067,58,83,55,77,20,109,16,18,1,15,36,42.90636363636363,43.011558441558435,46.532771084337355,43.430862068965524
30068,74,132,70,127,29,153,22,25,5,18,66,46.27671428571427,42.434566929133865,44.319166666666675,43.72283783783783
30069,88,119,57,100,19,112,15,25,2,15,44,52.38807017543859,47.2221,49.56193277310922,47.93386363636364
30078,25,56,39,63,17,71,11,9,1,9,35,41.18051282051282,41.33920634920635,40.51178571428572,38.0304
30079,84,94,65,75,23,136,12,25,4,22,32,44.23753846153845,40.90093333333335,41.65393617021276,40.09083333333335
36001,191,242,158,214,19,134,19,106,3,40,64,58.806708860759485,55.46771028037378,57.90628099173556,58.37031413612565
36002,104,143,86,108,5,77,9,40,1,12,52,63.125697674418596,58.295740740740754,60.7744755244755,61.214807692307694
36003,41,59,39,64,14,76,16,16,3,14,25,41.736666666666665,40.448125000000005,40.38000000000001,39.633414634146334
36004,73,102,60,107,31,123,14,26,3,21,48,42.94600000000001,39.86934579439252,39.40892156862744,44.14931506849315
36005,70,106,76,109,25,127,16,35,4,28,47,44.75671052631577,41.00614678899084,41.745094339622646,43.016
36006,70,138,91,129,40,157,19,28,8,25,76,41.6821978021978,39.37062015503874,42.77536231884056,45.21057142857145
36007,57,83,46,100,31,117,20,21,5,19,36,38.77152173913044,36.389599999999994,40.50024096385542,39.12684210526316
36008,80,126,86,120,16,124,20,36,2,22,61,50.23,48.75791666666669,50.14396825396824,50.574625
36009,40,64,46,62,15,65,11,20,1,16,30,46.160869565217396,43.73290322580643,45.10828125000001,44.346999999999994
36010,55,88,53,87,16,102,17,18,2,15,40,45.95226415094339,42.71298850574712,43.43920454545456,40.347636363636376
36011,55,93,67,70,19,105,10,15,4,10,46,52.09089552238806,45.25628571428573,47.46430107526881,46.566181818181825
36012,80,106,60,97,28,140,23,25,2,22,35,42.93366666666667,40.56969072164949,41.60650943396225,38.80375
36013,90,116,73,111,25,131,20,25,4,18,49,46.12890410958906,43.83828828828829,47.014741379310344,43.5901111111111
36014,58,90,60,81,24,99,16,14,4,9,43,58.14700000000001,47.13432098765432,46.248666666666665,45.271206896551725
36015,64,104,52,95,42,131,23,19,5,18,47,40.423846153846156,36.92905263157895,41.59192307692307,42.1359375
36016,75,108,70,129,28,154,28,24,5,21,45,41.228285714285704,39.317984496124005,39.024166666666666,37.522666666666694
36017,101,134,80,136,37,169,26,32,7,26,47,44.05575000000002,40.004632352941165,40.69179104477613,41.455940594059406
36018,89,127,79,122,37,154,19,28,3,26,55,43.63556962025318,40.25598360655737,39.466850393700796,40.73438202247191
36019,76,114,70,110,34,138,20,29,5,23,53,42.8312857142857,40.86236363636364,40.624035087719314,42.69973684210525
36020,84,139,79,131,35,145,22,29,4,19,66,48.96936708860759,43.03290076335878,45.47697841726618,46.34857142857142
36021,102,144,92,143,35,164,21,35,4,30,60,43.162608695652175,40.629300699300714,43.13937500000001,41.104509803921566
36022,84,133,57,129,35,154,22,21,1,18,60,43.30877192982456,42.113643410852696,42.89736842105265,42.48321428571428
36023,51,74,34,70,19,95,10,14,2,14,32,42.0970588235294,37.09971428571429,36.584999999999994,37.916862745098044
36024,71,102,52,86,37,127,16,19,2,16,38,41.61826923076923,35.734883720930235,38.42147058823528,37.44014084507043
36025,57,96,44,92,21,103,16,18,2,10,47,45.94136363636364,43.10152173913043,44.811770833333334,46.18157894736843
36045,89,105,65,96,20,124,16,26,2,18,38,50.07000000000001,45.10677083333334,44.87638095238095,44.879775280898876
36049,83,130,77,132,36,156,28,31,5,26,61,41.60753246753245,40.33219696969696,40.9923846153846,42.92819277108434
36052,130,178,102,173,29,199,20,49,4,39,65,44.95254901960785,43.323410404624276,44.181179775280896,43.656923076923086
36064,81,126,79,141,40,163,34,29,3,24,63,45.236455696202526,41.45255319148936,44.195714285714295,41.748888888888885
36065,25,33,21,40,15,48,8,9,4,7,15,39.294761904761906,38.04125,38.43999999999999,40.3168
36066,63,87,50,88,27,112,19,24,3,23,36,41.07739999999998,38.03284090909092,40.8116091954023,39.121428571428574
36072,91,132,85,140,26,137,25,44,3,26,54,49.10400000000001,46.858000000000004,46.75386363636365,47.81219780219782
36073,120,173,100,169,48,203,28,53,7,41,68,42.93589999999999,40.16242603550297,41.4365317919075,42.953416666666655
36074,49,73,54,81,20,86,15,16,3,9,38,50.436296296296284,46.056049382716054,49.86780821917808,50.0026530612245
36075,46,80,47,76,14,85,14,20,1,12,40,51.44297872340426,44.428026315789474,47.665124999999975,51.204130434782606
36076,69,128,63,121,29,141,17,19,3,15,67,48.203492063492064,42.47454545454547,45.47960937499999,42.2473913043478
36077,113,157,95,167,38,187,29,47,7,38,57,44.046,41.14383233532937,42.31885350318472,41.959115044247795
36078,93,153,121,130,12,65,12,39,0,7,74,72.88553719008259,65.30199999999998,65.77202614379087,66.60978494623656
37001,79,104,63,80,16,87,10,22,2,12,36,57.28809523809525,52.328125,52.6033653846154,53.1406329113924
37002,71,112,73,71,10,76,6,24,0,11,50,58.70082191780822,56.78436619718309,57.00285714285716,57.42084507042253
37003,68,101,66,61,8,81,4,22,0,8,41,56.38727272727274,57.30852459016392,55.88118811881186,56.845147058823535
37004,77,136,73,100,21,107,11,30,3,12,67,58.60575342465755,56.9964,57.37683823529409,57.104675324675306
37005,46,68,40,51,15,82,10,9,2,7,35,49.26475000000001,41.998039215686276,43.075882352941164,42.03760869565218
37006,37,54,37,45,13,63,5,13,2,8,26,48.43135135135135,47.54466666666667,48.516851851851875,49.78486486486488
37007,49,75,51,53,2,51,7,18,0,5,38,60.70784313725492,61.074905660377375,60.216800000000006,62.99346938775509
37008,60,116,88,77,8,70,9,28,0,11,64,56.889886363636386,53.43623376623378,60.73758620689655,61.35683333333334
37009,56,82,54,57,9,54,8,16,2,4,34,60.506481481481465,59.631754385964925,59.48560975609757,60.56410714285714
37010,49,96,59,68,11,54,10,21,0,5,51,61.585762711864405,59.689852941176454,61.529895833333306,64.13775510204081
37011,46,72,46,62,24,95,11,12,3,9,38,41.65239130434783,38.885161290322586,41.94333333333332,41.21826086956521
37012,73,134,113,84,10,86,9,28,0,8,72,61.19707964601771,62.4467857142857,61.72604477611942,59.77260273972601
37013,66,97,73,64,9,74,9,24,0,4,41,61.47219178082192,61.02828125,57.86474226804122,57.71954545454546
37014,98,131,110,93,22,103,10,39,4,16,58,59.09609090909093,58.51688172043012,58.81625954198474,57.124183673469396
37015,67,112,82,72,11,88,10,24,1,9,57,58.025243902439044,57.89333333333332,57.53910714285714,56.91328358208954
37016,76,115,94,78,7,77,12,33,0,9,51,60.328723404255335,61.65461538461537,60.906086956521754,60.535
37017,108,134,97,1,6,72,0,0,0,0,44,62.81278350515464,61.56,60.81649253731342,59.94527777777774
37018,82,148,81,139,25,154,21,34,4,24,78,47.72987654320988,46.87877697841727,47.38412162162164,44.2709756097561
37019,49,74,47,80,13,96,17,17,3,13,33,43.82127659574468,41.580875,41.90716216216217,42.92530612244897
37020,85,111,52,98,14,131,24,26,0,23,34,42.92307692307692,41.23632653061223,41.59252252252253,40.98858823529412
37021,139,173,113,152,13,152,14,54,2,32,60,54.17911504424781,51.585526315789494,51.82427745664742,51.16122302158275
37022,107,163,121,157,21,193,26,37,4,31,76,47.40363636363635,44.926050955414,45.799754601226994,43.660560747663546
37023,107,133,107,8,5,142,0,3,1,2,36,45.28579439252337,42.16125,43.90639097744358,43.99411214953272
37024,121,212,115,218,52,274,43,31,3,25,109,42.36617391304349,38.219082568807366,39.5018396226415,40.41537190082644
37025,11,9,3,13,1,13,4,3,0,1,3,60.07666666666666,52.78615384615385,54.24777777777777,56.18454545454544
37026,0,0,0,0,0,0,0,0,0,0,0,,,,
37075,55,102,58,97,11,121,17,23,2,17,51,44.66672413793105,43.32237113402061,43.18480392156863,41.88654545454544
37076,24,50,27,55,22,61,12,9,1,3,31,49.756296296296284,45.49272727272728,47.61699999999998,47.79041666666668
37078,109,164,117,155,19,191,26,42,3,35,68,48.41051282051279,44.34077419354838,45.25640243902438,45.01082568807339
37079,113,134,71,109,19,171,13,27,3,21,44,45.916478873239434,42.77807339449542,43.7002985074627,43.254424778761084
37080,71,107,66,115,31,144,24,19,0,15,51,44.43772727272728,41.04495652173913,42.330747663551385,41.69309859154928
37081,59,84,53,90,29,111,15,25,5,22,35,36.3890566037736,37.884555555555536,38.540238095238095,37.26542372881355
37088,28,37,22,25,8,41,2,5,0,3,18,46.52545454545455,45.736799999999995,46.81054054054054,46.42714285714286
50002,45,63,42,1,10,73,0,0,0,0,29,44.654761904761905,34.83,44.495396825396824,45.6071111111111
50003,125,158,121,2,23,187,0,1,0,1,53,42.22842975206611,46.125,42.06981012658228,40.61064
50004,47,53,33,3,12,57,0,2,1,1,12,38.21060606060607,39.166666666666664,37.95207547169811,38.246595744680846
50005,116,175,123,54,13,164,3,21,2,9,66,47.7630081300813,52.061851851851834,47.04462857142856,45.53258620689654
50006,100,128,78,33,14,139,2,17,3,16,41,41.252179487179504,39.50909090909092,42.21023437500001,39.880300000000005
50007,63,86,69,19,12,88,2,10,1,7,33,46.51666666666669,45.52052631578948,43.55686046511627,44.59285714285714
50008,83,126,91,33,11,137,3,13,0,10,51,41.80604395604397,47.67878787878789,43.86690476190475,43.42566265060242
50009,89,107,82,38,19,125,3,17,1,15,33,40.28658536585365,45.02394736842106,41.06757009345793,40.05573033707865
50010,102,114,33,30,18,129,3,4,0,3,22,44.7569696969697,45.313,41.9527192982456,40.74274509803921
50012,79,107,68,24,9,108,0,13,2,13,34,39.792941176470585,41.59083333333333,41.65523364485982,40.63949367088609
50015,79,89,52,23,6,97,1,17,0,14,21,41.007307692307684,44.57608695652173,42.750112359550556,40.945822784810105
50016,61,137,95,28,14,102,3,11,0,4,86,55.9962105263158,55.53642857142857,58.485474452554776,56.99295081967217
50017,75,115,90,44,9,95,2,17,0,8,56,53.36488888888888,55.9725,54.621043478260866,55.625333333333316
50018,75,95,62,30,12,97,0,20,1,18,28,40.72774193548387,40.71033333333332,41.499052631578955,39.11546666666669
50019,99,116,79,32,14,126,3,21,3,15,30,42.7706329113924,43.1175,41.623017241379316,40.75444444444445
50020,66,87,75,13,8,107,1,5,1,3,32,41.09213333333334,41.40461538461538,42.17218390804597,41.05424242424242
50021,106,131,91,22,11,143,0,12,0,9,36,43.31846153846153,43.31181818181818,42.875343511450374,40.837358490566025
50022,45,54,42,5,7,62,2,1,1,1,17,44.21500000000001,36.908,41.23407407407407,37.94111111111111
50024,1,0,0,0,0,1,0,0,0,0,0,,,,34.17
50025,19,30,14,4,6,28,0,2,0,2,12,39.36714285714286,34.935,41.874333333333325,35.66947368421053
50026,90,125,83,30,5,116,2,12,0,9,46,44.44759036144576,48.110666666666674,45.82688000000001,43.98055555555556
50027,98,137,104,28,18,137,1,10,0,5,54,44.3739423076923,50.829285714285724,46.11562043795622,44.667244897959186
50028,99,124,83,20,16,134,0,10,2,9,37,40.978795180722905,39.985499999999995,40.85693548387097,39.74313131313133
50029,95,115,84,30,16,119,6,14,1,12,34,43.400952380952376,43.69533333333334,42.9886956521739,42.675473684210516
50030,76,107,72,14,16,120,1,8,0,6,39,37.97444444444446,41.629999999999995,39.30616822429906,40.041973684210525
50031,84,92,66,28,18,120,2,12,1,10,23,40.51227272727273,40.160714285714285,37.45152173913044,38.0077380952381
50032,72,98,67,18,16,114,1,6,0,5,37,40.40492537313435,41.135555555555555,41.5554081632653,37.90874999999999
50033,102,139,96,34,23,151,1,19,0,16,47,42.60197916666668,46.890882352941176,42.11784172661871,41.134803921568626
50034,75,99,72,21,21,115,1,14,3,11,34,37.71972222222222,43.543809523809514,38.159090909090914,34.20080000000001
50035,83,111,75,21,20,122,2,12,3,10,39,38.426799999999986,43.35476190476191,39.38675675675673,39.36493975903614
50036,55,57,30,13,6,68,1,6,0,6,15,45.05899999999999,40.25923076923077,42.19350877192982,39.51145454545455
50037,67,80,49,17,9,92,4,5,0,3,22,45.07244897959184,45.73823529411764,44.896249999999995,43.140597014925376
50038,63,78,51,14,10,97,2,4,0,4,31,45.455098039215706,45.23357142857143,44.17884615384615,41.82539682539682
50039,36,53,36,3,6,57,0,3,1,3,23,42.448888888888895,35.79666666666667,43.8466037735849,44.34083333333332
50040,63,74,49,13,11,88,1,8,1,8,18,39.044489795918366,34.894615384615385,38.64013513513515,36.98936507936509
50041,107,119,75,19,15,138,2,11,0,11,34,39.328266666666664,43.53578947368421,39.422016806722674,37.87308411214953
50042,93,102,69,14,17,112,0,9,0,7,20,41.8036231884058,44.62571428571429,41.20843137254903,39.00311827956989
50043,42,59,40,7,9,72,0,2,0,2,21,34.424749999999996,31.884285714285717,36.977457627118646,36.73404761904762
50044,69,94,65,23,17,103,0,4,0,4,33,40.589846153846146,47.11304347826086,42.98244680851063,40.65811594202899
50045,4,14,7,0,1,10,0,0,0,0,10,46.392857142857146,,52.88785714285715,44.572500000000005
50046,66,98,69,20,13,101,1,5,0,4,42,37.69347826086956,44.25050000000002,38.44867346938775,37.442424242424245
50095,85,107,68,14,28,117,1,6,3,4,35,39.95632352941175,37.39785714285715,41.228971962616825,37.60388235294118
50096,68,77,49,16,11,95,2,6,1,6,25,41.19408163265306,37.61,41.11571428571428,38.136176470588246
50097,64,79,57,17,18,97,3,10,0,7,26,40.85385964912281,43.54235294117647,41.7393670886076,39.530625
50101,37,53,41,11,4,63,0,5,0,5,21,41.680000000000014,36.88999999999999,42.38207547169812,44.829459459459464
50102,34,41,29,8,2,41,0,5,1,4,14,43.491724137931044,40.951249999999995,44.38048780487805,41.32294117647058
53006,7,14,11,2,0,15,0,0,0,0,8,40.76999999999999,37.4,42.51857142857143,38.48428571428571
53019,48,79,54,21,12,76,5,12,1,10,36,43.14481481481481,47.91904761904762,44.4912658227848,42.44708333333333
53020,86,124,85,25,15,122,0,15,0,13,46,45.07788235294117,45.91840000000001,42.87548387096773,40.217093023255806
53033,74,100,68,19,13,113,1,8,2,7,36,42.029264705882355,42.70315789473684,40.985899999999994,41.06486486486488
53034,62,84,62,17,17,95,0,6,0,4,34,41.966612903225816,47.49058823529411,40.69250000000001,38.25806451612903
53035,73,82,51,24,12,104,1,9,1,9,22,39.047843137254894,36.44166666666666,38.66682926829267,39.009726027397264
53036,66,132,97,24,13,105,1,11,0,7,70,52.674536082474226,58.24583333333334,51.61416666666664,43.36727272727271
53037,77,106,79,26,23,111,2,14,2,11,43,45.52164556962027,46.60884615384615,41.94735849056603,40.191558441558435
65052,142,187,159,0,3,104,0,0,0,0,57,57.491886792452846,,59.411176470588224,60.152112676056376
65053,140,183,149,0,4,108,0,0,0,0,59,56.95751677852349,,58.18644808743171,57.12342857142857
65054,113,154,119,0,7,96,0,0,0,0,55,57.431428571428576,,55.54454545454547,53.658141592920344
65055,120,172,126,0,10,127,0,0,0,0,68,55.13658730158732,,56.7801162790698,56.61849999999997
65056,29,99,74,29,4,42,2,5,0,2,74,63.82810810810812,62.20172413793103,63.87929292929294,58.293103448275865
65057,27,97,83,25,11,57,6,4,0,3,73,58.66939759036146,64.15759999999999,61.480000000000004,60.74444444444444
65069,40,52,47,0,7,44,0,0,0,0,18,52.850638297872315,,56.355961538461536,54.60425
65070,10,15,10,0,1,13,0,0,0,0,6,49.927,,48.79933333333334,44.796
65075,49,67,53,0,9,62,0,0,0,0,25,51.246603773584894,,49.68268656716418,48.400408163265304
65076,77,98,83,2,18,90,1,1,1,1,31,49.861204819277106,26.23,49.91428571428571,48.57155844155846
65077,105,143,103,0,17,80,0,0,0,0,53,60.09679611650487,,59.87769230769232,57.91980952380954
65078,57,65,46,0,4,49,0,0,0,0,17,55.838260869565204,,54.13569230769231,52.605087719298226
65079,110,125,78,0,17,100,0,0,0,0,33,54.379230769230766,,52.667519999999996,51.01018181818183
65080,64,96,66,0,17,98,0,0,0,0,44,47.35272727272728,,46.600208333333335,45.13640625000001
65081,52,95,90,0,18,87,0,0,0,0,51,52.18777777777776,,54.154,45.762884615384614
66020,54,69,50,0,8,50,0,0,0,0,27,55.771399999999986,,55.03289855072464,51.39666666666664
66024,53,69,48,0,8,59,0,0,0,0,30,51.703541666666645,,56.19000000000001,54.35716981132078
66025,54,64,45,0,4,28,0,0,0,0,20,64.26999999999998,,62.83718749999999,64.47870370370372
66026,69,90,64,0,15,65,0,0,0,0,33,53.05703125000001,,51.60255555555558,51.901449275362324
66027,61,82,62,0,13,60,0,0,0,0,35,54.588064516129045,,54.91878048780489,54.78360655737704
66028,156,186,134,0,9,81,0,0,0,0,52,62.223880597014926,,62.696612903225784,60.57
66029,75,76,70,0,15,64,0,0,0,0,24,52.432428571428574,,53.86118421052633,52.90039999999999
66030,111,129,97,1,17,103,1,0,0,0,34,50.94371134020618,37.18,52.39147286821703,50.06234234234234
66031,72,74,52,0,10,53,0,0,0,0,18,55.098653846153816,,55.903378378378385,53.2972222222222
66032,103,132,99,0,12,87,0,0,0,0,42,53.92979797979799,,54.306212121212134,55.34825242718446
66033,66,85,52,0,10,57,0,0,0,0,28,55.16192307692306,,55.36235294117648,54.4269696969697
66034,119,150,98,0,17,94,0,0,0,0,49,56.185408163265315,,54.53253333333333,53.65361344537813
66035,124,150,121,0,16,104,0,0,0,0,48,55.454297520661164,,55.399533333333345,54.95064516129031
66036,63,82,62,0,10,67,0,0,0,0,35,51.53258064516128,,52.45878048780491,50.40111111111112
66037,78,107,90,0,19,82,0,0,0,0,44,49.19811111111111,,50.79037383177572,50.32384615384615
66038,71,96,67,0,8,54,0,0,0,0,37,60.892089552238815,,60.12927083333333,59.420140845070435
66039,46,72,58,0,23,54,0,0,0,0,32,51.16379310344827,,51.350555555555545,45.385
66043,48,58,42,0,8,45,0,0,0,0,20,53.02214285714287,,57.0089655172414,55.88479166666665
66048,65,88,59,0,10,41,0,0,0,0,29,63.33389830508474,,61.54420454545452,60.473076923076924
66049,69,118,85,0,12,47,0,0,0,0,60,63.41752941176469,,61.72457627118645,59.75579710144927
66050,73,125,92,0,9,58,0,0,0,0,58,63.3916304347826,,62.40759999999999,61.68835616438358
66051,102,164,109,0,8,60,0,0,0,0,74,65.84899082568808,,66.53207317073169,65.55147058823533
66052,122,174,126,0,9,68,0,0,0,0,62,63.7286507936508,,64.61396551724141,63.077868852459
66053,118,173,115,0,6,72,0,0,0,0,70,61.9733913043478,,63.81369942196532,63.2272033898305
66054,89,127,109,0,14,73,0,0,0,0,58,60.05009174311926,,61.97677165354328,59.17438202247192
66055,76,113,75,0,8,62,0,0,0,0,48,59.02280000000001,,59.139380530973455,53.34828947368421
66056,82,97,68,0,12,78,0,0,0,0,36,55.95073529411764,,56.05556701030926,52.58329268292685
66057,87,123,88,0,13,60,0,0,0,0,45,62.63454545454545,,60.89186991869918,58.47471264367816
66101,68,77,52,0,13,63,0,0,0,0,24,52.23480769230768,,51.13506493506493,51.88617647058824
66102,72,102,64,9,13,64,2,4,1,3,39,53.23093750000001,46.675555555555555,56.92127450980392,55.705277777777766
66103,64,71,43,1,10,50,0,1,0,0,16,56.43511627906978,77.73,55.91211267605634,53.74171875000002
66104,24,29,20,0,4,27,0,0,0,0,11,50.539500000000004,,51.455172413793115,53.675416666666656
66106,53,61,37,0,4,42,0,0,0,0,16,56.41621621621622,,57.30868852459017,53.71301886792452
67009,37,64,34,0,3,46,0,0,0,0,36,56.82617647058823,,58.97171875000001,56.47945945945944
67011,31,44,35,0,6,25,0,0,0,0,17,57.00085714285716,,60.314772727272725,60.06903225806451
67012,16,28,23,0,2,29,0,0,0,0,17,43.42173913043478,,46.76642857142856,53.900000000000006
68001,86,134,90,49,7,71,0,20,0,6,68,61.198777777777764,63.416530612244884,62.083880597014925,59.94988372093025
68002,83,130,100,34,12,82,4,10,0,1,65,60.67210000000002,66.66235294117647,60.936230769230804,59.99722891566265
68003,52,77,52,9,15,63,1,4,0,2,33,51.65615384615384,59.04555555555555,56.197012987012975,54.92365384615384
68004,80,102,74,9,10,71,0,8,0,4,32,51.88324324324325,55.74444444444444,54.64637254901963,53.154125
68005,78,93,60,13,13,59,1,5,0,3,25,54.92099999999998,49.97692307692308,50.70494623655915,47.796410256410255
68006,44,58,42,9,12,38,1,1,0,0,23,55.805238095238096,54.04666666666666,59.235517241379284,60.46499999999999
68007,57,59,34,3,9,36,0,2,0,1,17,58.31676470588235,44.43666666666667,58.59847457627118,56.63666666666666
68008,81,116,80,2,9,51,0,1,0,0,49,64.82537499999998,76.65,65.7450862068965,64.62296296296294
68009,62,94,62,2,11,49,1,0,0,0,48,63.598387096774196,58.165,63.23925531914895,55.90129032258064
68010,66,94,54,4,9,44,1,1,0,1,42,60.95592592592593,44.2525,61.6559574468085,60.76712121212119
68011,68,105,74,1,8,58,1,0,0,0,49,62.076351351351356,55.9,62.66580952380956,59.381470588235295
68012,22,26,21,1,12,25,0,1,0,1,10,44.26095238095238,52.27,51.09961538461538,44.13136363636364
68013,24,37,26,7,5,22,2,1,0,0,18,53.50076923076924,63.55571428571428,56.9962162162162,51.16333333333333
68014,41,44,28,3,15,49,0,2,0,1,10,39.49142857142857,54.51666666666667,40.142500000000005,37.93365853658536
68015,59,79,50,5,7,55,1,3,0,1,34,57.1174,63.81200000000001,57.30240506329113,53.23644067796608
68094,6,9,10,10,2,13,1,2,0,2,5,49.539,46.048,51.53222222222223,57.95166666666666
68111,42,55,33,2,7,22,0,2,0,0,22,59.574242424242435,66.17,65.4478181818182,69.22285714285717
68112,91,109,73,12,9,79,2,6,0,2,34,52.04465753424658,55.6575,52.04981651376147,52.811428571428586
73001,35,56,30,9,4,30,1,2,0,0,24,58.85533333333332,49.66666666666666,58.26714285714288,58.315714285714286
73002,33,39,25,8,2,31,0,4,0,4,10,56.52719999999999,59.291250000000005,56.66948717948719,50.19878787878788
73003,99,126,87,30,13,71,0,21,0,3,45,63.72436781609197,68.115,61.60253968253967,58.22373737373737
73004,43,68,43,0,4,34,0,0,0,0,27,60.62511627906975,,59.41632352941176,58.45906976744187
73005,62,77,50,0,0,35,0,0,0,0,25,63.52539999999999,,62.976493506493505,61.86564516129032
73006,39,74,53,0,3,46,0,0,0,0,40,57.044905660377324,,57.7741891891892,55.28076923076922
73007,46,58,36,0,3,26,0,0,0,0,19,61.775000000000006,,65.40551724137931,67.80891304347826
73008,3,6,3,0,2,8,0,0,0,0,4,34.730000000000004,,51.335,56.72666666666667
73009,83,112,72,16,6,69,0,9,0,2,40,58.174305555555556,61.83374999999999,58.38526785714287,56.57843373493975
73010,112,142,91,30,12,92,2,17,0,5,47,59.293516483516505,61.058333333333344,57.97471830985916,58.3188392857143
73011,56,68,43,26,7,43,2,8,0,4,23,58.731162790697674,56.62153846153847,57.51911764705883,55.09732142857144
73012,26,30,22,1,4,25,0,1,0,1,11,51.650000000000006,52.72,52.656,54.20923076923077
73013,75,93,41,0,4,35,0,0,0,0,32,64.51146341463414,,66.18365591397847,66.8656
73014,17,21,18,5,7,18,0,3,0,0,8,49.80777777777777,67.902,50.895238095238106,44.821176470588235
73015,17,24,17,9,1,16,2,2,0,0,9,60.277058823529416,65.62888888888888,56.575416666666676,58.96764705882352
73016,36,45,28,11,4,27,0,6,0,1,21,61.811428571428564,65.32363636363635,64.09066666666666,63.90083333333334
73017,67,79,46,0,7,39,0,0,0,0,21,61.12891304347827,,61.00101265822785,58.946119402985055
73018,52,62,36,3,3,25,0,2,0,0,21,63.90527777777778,79.31666666666666,65.42774193548388,65.28557692307693
73019,40,52,30,2,2,34,0,1,0,0,20,57.20066666666667,67.195,51.68269230769231,58.190750000000016
73020,2,2,1,0,1,1,0,0,0,0,0,28.59,,51.04,50.825
73021,69,100,48,7,3,41,1,0,0,0,42,66.23499999999999,65.28571428571429,65.82169999999998,64.18072463768118
73022,60,73,52,6,6,41,2,0,0,0,29,58.37615384615386,69.23166666666667,62.24712328767124,62.58449999999997
73023,67,81,58,3,9,47,0,3,0,0,31,58.10362068965516,88.35000000000001,62.1472839506173,59.8437313432836
73024,121,163,103,0,7,72,0,0,0,0,62,66.07990291262135,,67.39349693251533,66.41297520661159
73025,83,108,45,16,7,42,1,6,0,3,42,61.98,55.66250000000001,66.59148148148145,64.5727710843373
73026,94,131,73,39,5,34,4,14,0,3,48,68.92068493150683,69.49230769230769,68.7821374045802,67.99500000000003
73027,55,84,46,10,2,26,2,3,0,2,38,66.98260869565216,69.785,68.44892857142857,67.35927272727272
73028,83,111,57,21,12,56,0,11,0,1,41,60.857017543859655,71.78952380952381,62.66837837837839,62.757710843373495
73029,83,98,54,24,3,55,3,11,0,4,31,59.813888888888876,61.06416666666667,60.74081632653061,59.724578313253005
73030,73,93,58,0,6,34,0,0,0,0,35,63.31241379310345,,64.48204301075269,68.0809589041096
73031,88,120,60,0,5,38,0,0,0,0,56,69.62850000000002,,69.22983333333333,66.53977272727269
73032,48,67,50,1,5,45,0,0,0,0,27,57.27580000000002,60.93,56.9420895522388,61.57916666666667
73033,93,126,58,24,6,41,0,9,0,0,46,63.72344827586206,75.90833333333333,69.81555555555555,66.92537634408599
73034,49,80,42,27,3,15,3,14,0,0,42,79.5240476190476,80.20888888888888,77.31287499999998,77.92816326530614
73035,117,181,83,43,5,29,1,18,0,4,71,70.65722891566267,71.02162790697676,71.52104972375692,69.02196581196581
73036,71,100,62,23,5,31,1,13,0,1,45,68.44790322580646,70.55347826086955,71.38600000000001,67.35084507042255
73037,82,108,68,33,5,37,2,14,0,3,44,65.41926470588234,70.54484848484849,67.12768518518517,68.29463414634144
73038,80,101,61,5,11,49,0,2,0,0,37,62.01524590163934,83.26400000000001,63.7230693069307,60.14437500000001
73039,81,106,70,29,5,49,0,9,0,3,50,61.624,66.27034482758621,61.56896226415092,61.08938271604937
73040,85,102,72,32,7,58,5,8,0,2,33,63.518888888888874,61.96031250000001,61.88911764705882,62.39941176470586
73041,87,99,58,15,5,40,0,9,0,0,26,64.6696551724138,68.68933333333332,65.13777777777779,63.35850574712641
73042,55,71,52,15,7,44,1,5,0,1,29,61.474230769230765,63.70133333333333,60.893239436619744,60.324909090909095
73043,5,5,2,0,0,3,0,0,0,0,3,61.3,,71.28399999999999,71.102
73044,89,109,73,0,12,50,0,0,0,0,36,59.13397260273973,,62.64614678899083,62.22651685393258
73045,29,32,17,0,2,17,0,0,0,0,6,67.10823529411766,,64.90593750000001,61.72103448275862
73046,25,34,10,0,2,8,0,0,0,0,13,71.824,,72.93705882352943,69.84320000000001
73047,48,68,42,0,3,36,0,0,0,0,28,58.82285714285713,,59.870294117647056,58.85270833333336
73048,33,40,23,0,4,31,0,0,0,0,13,53.20434782608696,,57.072750000000006,52.88999999999999
73049,83,108,74,0,7,62,0,0,0,0,38,56.952432432432424,,58.90018518518517,59.01855421686749
73050,36,51,28,0,6,18,0,0,0,0,23,61.997142857142876,,64.82196078431373,64.3275
73051,26,46,31,1,6,26,1,0,0,0,28,53.754838709677436,76.79,56.96978260869565,54.6803846153846
73052,34,42,14,0,4,20,0,0,0,0,23,66.48214285714286,,66.5404761904762,63.26676470588236
73053,49,63,39,0,5,23,0,0,0,0,20,63.1951282051282,,66.88428571428571,68.50040816326529
73054,42,69,34,0,3,18,0,0,0,0,35,69.185,,71.63855072463767,66.48119047619048
73055,65,91,39,0,3,34,0,0,0,0,33,65.72487179487179,,67.52879120879118,65.94384615384612
73056,60,95,60,0,3,28,0,0,0,0,53,68.22100000000002,,69.1097894736842,68.96700000000003
73057,78,118,58,0,4,34,0,0,0,0,58,69.70706896551724,,70.48406779661016,68.16641025641024
73058,56,77,36,0,5,25,0,0,0,0,35,69.14305555555555,,71.16688311688313,65.86446428571428
73059,52,69,41,0,3,13,0,0,0,0,29,70.44243902439024,,70.19521739130433,70.99519230769232
73060,59,96,60,0,9,36,0,0,0,0,50,66.35333333333331,,67.94031250000005,60.61813559322034
73061,44,65,40,0,3,17,0,0,0,0,26,65.71225000000001,,67.04246153846152,69.70386363636362
73062,50,77,57,0,5,35,0,0,0,0,41,64.09298245614033,,62.59999999999997,57.528800000000004
73063,74,113,66,0,9,38,0,0,0,0,49,68.04651515151514,,66.9083185840708,62.16486486486485
73064,64,90,44,0,2,39,0,0,0,0,34,65.71136363636364,,65.9501111111111,63.43249999999999
73065,89,108,66,0,9,58,0,0,0,0,39,60.73984848484849,,61.07203703703706,59.09999999999997
73066,54,59,34,0,6,20,0,0,0,0,25,63.820294117647066,,66.45457627118641,65.58351851851853
73067,32,69,36,0,1,25,0,0,0,0,47,70.37416666666668,,67.53565217391304,64.64406249999998
73068,91,129,89,0,5,56,0,0,0,0,51,65.28337078651683,,66.1798449612403,65.29021978021976
73069,138,189,96,0,8,80,0,0,0,0,67,60.15364583333331,,63.91952380952377,61.978840579710145
73070,65,87,65,0,9,39,0,0,0,0,35,63.50276923076922,,65.1405747126437,59.631076923076925
73071,55,90,48,0,10,41,0,0,0,0,50,60.85437499999998,,66.29311111111112,64.72563636363635
73072,45,72,41,0,7,40,0,0,0,0,41,66.62317073170732,,66.28569444444446,64.31911111111113
73073,82,112,74,0,9,33,0,0,0,0,46,69.91216216216215,,68.65348214285713,67.9309756097561
73074,87,114,76,0,8,63,0,0,0,0,44,62.70684210526315,,62.86201754385966,60.6509195402299
73075,63,75,51,0,8,38,0,0,0,0,23,60.57019607843138,,63.344533333333324,65.75904761904762
73076,54,77,49,0,4,32,0,0,0,0,33,63.174081632653056,,64.7551948051948,64.53648148148149
73077,48,71,48,0,6,40,0,0,0,0,37,59.75312499999999,,62.9991549295775,63.43729166666665
73078,54,81,51,0,4,31,0,0,0,0,40,63.80156862745099,,63.363086419753095,61.493333333333325
73079,83,134,76,0,9,54,0,0,0,0,65,64.69486842105263,,64.88186567164176,67.5636144578313
73080,100,146,78,0,11,40,0,0,0,0,69,65.99192307692306,,68.10938356164384,67.02740000000001
73081,63,108,67,0,6,26,0,0,0,0,51,66.14014925373135,,68.51824074074075,65.98222222222223
73082,77,101,49,0,4,35,0,0,0,0,37,66.46428571428571,,68.46336633663368,64.66389610389612
73083,106,118,82,0,14,66,0,0,0,0,32,58.7080487804878,,60.04974576271187,58.429433962264135
73084,65,77,58,0,7,62,0,0,0,0,21,50.33413793103449,,52.22857142857144,49.55199999999999
73085,72,81,60,0,12,57,0,0,0,0,22,54.918833333333346,,50.416790123456785,52.90527777777778
73086,95,129,75,0,9,39,0,0,0,0,52,64.3144,,67.134496124031,67.2702105263158
73087,95,126,84,0,8,52,0,0,0,0,48,64.75345238095237,,65.25238095238096,64.27547368421052
73088,47,73,36,0,7,32,0,0,0,0,39,66.97083333333335,,66.71260273972602,63.28212765957444
73089,96,126,79,0,11,56,0,0,0,0,47,65.17151898734178,,64.47841269841267,60.62614583333331
73090,152,177,137,0,10,119,0,0,0,0,49,58.50868613138683,,59.11700564971753,58.67888157894736
73091,129,150,95,0,7,81,0,0,0,0,44,60.237263157894745,,60.04806666666667,60.299612403100795
73092,118,146,124,0,20,76,0,0,0,0,46,60.7658064516129,,61.58452054794522,60.8727966101695
73093,124,140,95,0,13,94,0,0,0,0,34,55.22242105263156,,54.725714285714275,53.70153225806452
73094,63,105,57,0,6,32,0,0,0,0,48,69.73,,67.22419047619047,65.11
73095,94,109,74,0,15,91,0,0,0,0,32,53.885945945945934,,53.09733944954129,52.45851063829786
73096,51,83,66,0,8,44,0,0,0,0,46,63.47212121212121,,62.20132530120482,59.332549019607846
73097,75,99,45,0,9,51,0,0,0,0,43,63.251999999999995,,64.01242424242423,59.04386666666668
73098,43,47,26,0,11,26,0,0,0,0,13,56.98000000000001,,61.14723404255319,64.23046511627906
73099,51,63,40,0,4,30,0,0,0,0,23,62.17500000000001,,66.24365079365081,61.51333333333333
73100,74,93,51,9,6,55,0,7,0,2,31,61.29313725490196,67.37777777777778,60.1883870967742,57.877432432432464
73101,47,56,31,18,0,22,1,9,0,4,13,65.30064516129032,63.04888888888888,66.80517857142857,66.5931914893617
73102,55,82,48,16,5,18,1,10,0,2,38,61.73312500000001,72.683125,70.13548780487805,63.11709090909092
73103,29,45,40,16,2,17,4,9,0,1,19,64.62575,71.799375,66.89244444444446,65.26793103448276
73104,60,89,62,0,5,35,0,0,0,0,42,68.45532258064516,,67.14528089887636,64.773
73105,53,79,52,0,4,20,0,0,0,0,37,70.78423076923076,,71.98177215189871,74.69301886792452
73106,46,62,42,22,10,54,3,14,2,10,20,49.10333333333332,49.03409090909091,49.63935483870969,48.286739130434775
73107,53,78,49,0,7,34,0,0,0,0,33,62.41428571428569,,60.89730769230769,62.77056603773589
74007,40,72,56,16,5,58,0,6,0,3,37,50.57839285714285,57.43187499999999,50.319999999999986,48.736749999999994
74008,56,74,49,23,9,73,4,8,1,6,28,49.35612244897959,48.73826086956522,51.912567567567564,46.1769642857143
74010,38,68,41,15,9,58,1,7,0,7,34,47.048536585365845,52.413333333333334,47.34691176470589,46.548684210526325
74015,63,97,86,57,19,78,8,18,3,10,41,55.034651162790695,52.65035087719299,53.00298969072168,50.35936507936509
74016,23,35,18,5,5,39,0,0,0,0,15,50.495555555555555,60.001999999999995,52.89228571428571,49.64869565217393
74017,46,83,60,29,11,71,4,9,1,7,46,53.90733333333333,52.87068965517241,53.32084337349398,50.10086956521738
74018,43,58,36,24,0,37,3,11,0,4,18,60.58833333333333,62.68166666666667,60.59620689655171,60.82000000000001
74019,97,141,87,52,8,70,4,21,0,7,54,60.50103448275862,66.02403846153847,61.29709219858156,61.51432989690722
74020,112,157,99,36,17,91,0,12,0,4,59,57.43565656565655,63.62055555555556,58.366751592356714,56.701964285714276
74021,136,157,107,29,23,124,0,23,0,8,42,51.5242056074766,57.69724137931034,50.961974522292984,49.48058823529412
74022,85,105,73,33,14,78,4,12,0,4,43,57.984109589041076,57.32030303030305,57.356761904761896,50.85317647058822
74023,101,110,77,20,19,88,0,14,0,7,26,52.88896103896104,55.6995,52.94918181818184,51.00475247524753
74024,89,129,96,47,12,110,2,19,0,10,56,53.04395833333333,58.46106382978723,53.09418604651161,49.357191011235955
74025,59,80,65,28,9,89,4,12,0,9,33,49.32030769230767,51.15142857142858,48.72462500000001,44.61271186440678
74031,145,201,148,109,8,91,6,62,1,21,72,62.708716216216224,64.92853211009177,64.82502487562188,63.87096551724136
74032,97,130,101,40,17,101,0,19,1,10,48,53.78712871287128,57.40975000000001,52.8426153846154,50.097938144329916
74033,114,150,121,0,12,116,0,0,0,0,47,53.41363636363636,,52.65493333333334,50.80368421052632
74034,124,158,105,1,17,108,0,0,0,0,51,54.67361904761905,62.13,54.512784810126576,52.58016129032258
74035,31,71,55,0,4,39,0,0,0,0,45,61.746363636363625,,63.24408450704228,62.18225806451613
74036,40,41,31,0,13,37,0,0,0,0,10,49.69354838709678,,48.79585365853658,48.91875000000002
74037,54,70,53,0,10,53,0,0,0,0,25,54.446037735849075,,51.538714285714285,49.91185185185186
74038,66,95,66,0,5,59,0,0,0,0,43,57.638939393939395,,57.02389473684213,51.99742424242424
74039,94,135,93,70,11,73,6,30,0,8,51,59.38150537634406,61.43100000000001,60.43637037037036,59.4072340425532
74040,150,180,120,99,26,103,10,46,1,14,51,58.96066666666666,61.61999999999999,58.84794444444447,57.92593333333334
74041,169,186,120,102,18,103,9,54,1,15,49,62.52524999999999,61.71607843137256,59.970161290322594,59.69461538461538
74042,112,142,79,62,11,89,6,26,0,10,53,58.63962025316458,60.47048387096774,59.55373239436619,56.96517857142857
74043,182,235,161,126,19,110,8,64,0,17,76,61.67732919254656,63.04825396825397,60.022765957446815,60.359120879120844
74044,135,156,99,82,17,92,5,36,3,14,41,55.276666666666664,59.48024390243905,57.01551282051283,55.96948148148147
74045,180,218,130,112,21,107,3,57,3,20,60,59.61930769230772,60.91839285714282,60.55137614678897,58.373055555555574
74046,132,167,99,103,18,74,7,47,4,15,46,61.659595959595926,61.90155339805824,60.17209580838324,59.157803030303
74047,147,180,131,111,16,99,8,52,2,19,58,60.2163358778626,60.597477477477476,60.07394444444444,59.3367346938776
74048,137,153,99,104,20,104,14,41,2,13,41,59.12313131313131,59.23538461538461,61.08758169934638,58.81781021897811
74049,108,140,71,64,8,68,5,26,0,4,49,63.16647887323945,62.861250000000005,64.20178571428572,64.23916666666665
74050,124,165,92,72,3,67,4,36,0,10,57,65.32173913043479,67.40777777777781,63.98351515151514,64.08991935483873
74051,112,171,98,71,5,82,4,36,0,10,70,63.26244897959185,65.15464788732393,63.19982456140352,62.76026785714286
74052,122,157,94,90,6,69,5,48,1,15,47,63.38680851063831,64.21533333333333,64.27802547770702,64.97524590163934
74053,79,84,68,25,7,57,0,11,0,4,25,59.132205882352935,62.493599999999994,56.60488095238097,55.667468354430376
74054,88,125,85,36,13,55,0,19,1,3,48,60.4164705882353,64.81833333333334,62.74128000000001,61.96511363636363
74055,30,37,28,0,5,30,0,0,0,0,12,53.77035714285716,,54.54891891891892,49.416999999999994
74056,71,100,67,0,12,58,0,0,0,0,42,59.675522388059726,,60.25759999999998,56.56887323943663
74057,61,77,58,0,10,50,0,0,0,0,27,56.06258620689656,,58.191688311688324,54.6783606557377
74058,102,147,97,50,3,66,0,29,0,10,58,60.285773195876246,64.378,59.55095238095235,57.96382352941176
74059,142,171,106,49,9,94,0,30,0,16,54,60.06622641509434,59.654081632653046,59.68842105263156,59.3488028169014
74060,94,118,72,20,9,46,0,7,0,1,43,61.62527777777776,68.14000000000001,62.24432203389831,62.50734042553191
74061,119,155,95,48,4,63,1,28,0,8,50,63.932631578947365,65.16687500000002,65.01999999999998,64.02638655462182
74062,110,148,98,40,12,78,2,19,3,9,50,59.09163265306123,59.29499999999998,61.17256756756761,58.802727272727246
74063,74,79,58,23,10,40,0,15,2,5,20,62.41379310344825,64.98304347826087,64.76835443037977,60.79256756756757
74064,80,109,68,25,8,52,0,18,1,8,37,59.62514705882352,61.984399999999994,61.12467889908257,60.40462500000001
74065,50,65,36,14,12,49,1,7,0,1,22,53.29666666666665,52.767857142857146,51.269538461538474,50.41460000000002
74066,61,79,56,24,9,59,3,12,0,0,31,55.60000000000001,62.75791666666665,55.88734177215188,54.1749180327869
74067,87,112,75,46,5,57,1,24,1,11,37,61.303866666666664,63.28739130434783,59.71999999999997,60.6712643678161
74068,94,102,63,31,8,50,2,16,1,3,27,60.0552380952381,60.58290322580645,61.65539215686277,60.86212765957445
74069,45,55,46,22,4,38,2,11,0,5,20,57.73760869565217,63.62227272727274,58.57545454545455,61.16555555555554
74070,69,80,53,22,10,43,2,10,0,1,25,57.70603773584906,67.37272727272729,53.86000000000003,53.71956521739132
74071,64,76,57,30,20,66,1,19,4,11,20,51.7217543859649,51.50266666666667,52.13605263157896,49.21000000000001
74072,35,49,38,11,4,28,0,5,0,2,20,58.47947368421052,61.855454545454556,61.78448979591836,58.175142857142866
74073,89,116,89,47,8,75,3,26,1,12,42,57.56370786516853,58.256808510638294,58.013534482758615,54.729999999999976
74074,139,186,95,90,4,58,3,33,0,7,66,64.62715789473684,69.53666666666668,66.59607526881719,64.83374100719425
74075,164,207,155,115,7,78,4,60,0,13,67,65.82974193548384,67.9462608695652,67.01748792270531,64.06579268292684
74076,83,118,80,53,24,75,7,16,0,4,52,57.59274999999999,59.29377358490566,59.41610169491527,56.84253012048195
74077,58,95,66,32,14,51,1,13,0,5,44,61.83969696969697,60.625,60.7481052631579,58.111034482758626
74078,113,162,126,91,12,60,5,35,1,9,69,66.77341269841267,67.85615384615382,65.59771604938271,61.620442477876104
74079,95,115,84,66,14,54,0,31,0,8,35,62.62726190476191,65.73818181818184,60.95434782608696,62.504631578947404
74080,77,97,52,42,10,44,4,10,1,3,32,64.33653846153847,61.06547619047621,61.5203092783505,62.90571428571427
74081,13,15,7,5,7,18,1,2,0,2,5,38.64714285714286,44.303999999999995,43.24933333333333,40.456923076923076
74082,66,90,51,37,11,48,3,14,0,3,39,62.29901960784313,64.06270270270272,64.03488888888889,60.53909090909089
74083,129,153,105,77,22,99,1,40,4,14,52,56.047047619047625,56.858181818181805,56.30660130718957,55.43682170542636
74084,43,60,48,21,11,43,4,8,1,1,21,58.62354166666666,64.22952380952381,60.08549999999999,58.89744186046512
74085,27,32,23,13,5,28,3,6,0,2,12,59.037826086956514,56.59384615384614,57.63187500000001,53.20740740740741
74086,23,33,21,7,2,20,1,3,0,1,11,58.99285714285714,61.18142857142857,55.592424242424244,53.04478260869565
74087,68,92,55,32,8,51,7,17,1,7,38,58.14672727272728,62.55281250000002,63.23521739130433,60.93441176470589
74088,103,133,82,42,10,63,2,19,0,5,44,62.54756097560978,62.64357142857141,61.384962406015006,60.78990291262135
74089,102,136,122,71,8,85,3,43,2,14,47,58.875983606557384,60.33816901408451,59.22007352941178,59.61382352941177
74090,81,98,79,38,10,63,1,24,2,8,33,54.738227848101275,55.690000000000005,57.306020408163256,59.268641975308626
74091,79,104,68,34,9,52,1,15,0,1,42,60.60779411764706,61.54647058823531,60.44355769230768,59.97645569620252
74092,143,172,130,95,22,89,3,52,1,21,50,60.48776923076923,58.6398947368421,59.914186046511645,58.696713286713305
74098,100,126,85,42,13,65,3,23,1,4,44,60.406470588235315,67.96214285714284,60.53960317460319,59.19199999999998
74099,92,121,81,36,13,92,7,16,0,8,45,54.35493827160493,52.00555555555556,54.37198347107439,54.049347826086944
74100,104,136,89,57,8,65,0,34,1,12,45,63.45741573033708,61.25964912280702,56.011544117647084,58.60653846153848
74101,68,98,53,53,3,38,4,24,1,8,38,64.2756603773585,68.02830188679248,65.81346938775509,64.78926470588236
74102,32,39,28,16,8,28,1,6,1,1,11,54.45785714285715,59.819375,55.52641025641027,56.71281250000002
74103,64,74,37,16,9,43,0,10,0,5,21,55.787297297297286,53.93125,59.29,58.40890624999999
74104,65,83,51,34,10,48,1,17,0,6,32,58.07235294117647,58.83176470588234,57.02192771084338,55.958923076923064
74105,107,128,92,0,14,111,0,0,0,0,38,50.13782608695654,,50.6153125,49.346168224299085
74106,56,75,51,10,13,72,2,3,0,2,26,47.515294117647066,56.88100000000001,49.76146666666665,48.31392857142857
74107,44,48,36,18,9,34,0,10,2,5,16,54.305833333333325,55.291666666666664,55.27583333333332,56.933181818181815
75001,115,146,108,39,8,74,0,25,0,5,41,59.77324074074073,66.9228205128205,59.10280821917811,59.03330434782609
75002,113,213,198,84,9,94,1,44,0,10,109,62.61010101010102,68.34869047619048,63.15676056338026,62.71663716814159
75003,52,73,63,32,5,54,2,21,0,8,30,55.709206349206355,60.28531250000001,55.216164383561654,56.64365384615384
75004,102,143,97,33,7,81,0,17,0,1,58,56.65752577319587,66.88121212121212,56.5423776223776,54.86656862745098
75005,46,75,52,22,5,33,4,9,0,3,38,62.79346153846155,63.45681818181819,63.66133333333335,61.98717391304348
75006,154,205,121,45,6,98,0,27,0,7,70,61.76148760330579,65.43755555555556,60.23151219512196,60.117597402597404
75007,89,124,92,35,15,86,1,17,0,7,46,54.86358695652173,60.35714285714285,55.408548387096765,53.93786516853932
75008,64,75,55,14,9,45,2,7,2,3,27,58.348545454545444,55.683571428571426,57.46440000000001,58.88718750000001
75009,58,78,60,18,5,45,0,9,1,3,29,62.054999999999986,63.43388888888889,59.41115384615385,57.8446551724138
75010,77,103,80,17,5,74,0,14,0,5,37,58.69862499999999,64.11470588235294,57.36718446601942,53.27701298701296
75011,66,90,60,21,4,62,1,15,0,3,35,59.03133333333333,67.17238095238095,58.297333333333334,56.64803030303029
75016,37,66,48,8,4,52,0,4,0,2,37,56.06354166666667,58.4225,56.60378787878787,58.53513513513515
75017,69,107,73,11,8,77,0,6,0,2,47,56.49397260273972,64.52090909090909,54.37607476635515,52.558695652173895
75018,39,54,33,15,2,31,0,7,0,2,26,58.97848484848484,62.523333333333326,60.00814814814815,59.395897435897446
75019,64,89,73,23,5,60,2,7,0,3,38,56.869999999999976,60.13695652173912,56.98853932584268,56.07093749999999
75027,50,74,43,23,2,31,1,13,0,2,31,63.86813953488371,68.87739130434782,63.793648648648656,57.42400000000001
75028,103,139,115,52,6,82,2,29,0,6,55,59.38826086956522,61.47769230769232,59.90539568345324,57.75922330097087
75029,38,55,43,10,9,51,1,5,1,2,22,51.48418604651163,61.184000000000005,52.938363636363654,49.926052631578955
75030,79,90,54,15,12,58,3,6,0,1,29,59.16814814814814,55.61133333333332,58.001000000000005,56.0853164556962
75031,82,113,80,38,18,68,3,17,0,5,44,56.658125000000005,60.593684210526305,59.53840707964599,58.32634146341463
75032,112,121,80,41,13,82,2,30,2,16,26,55.203875,55.381463414634155,55.61157024793389,52.68205357142856
75033,65,83,48,8,6,53,0,4,0,1,30,53.220208333333346,67.57374999999999,55.19843373493978,53.68861538461538
75034,44,68,47,20,0,67,2,10,0,5,37,58.35723404255319,62.10949999999999,59.87426470588235,57.70659090909091
75035,19,30,27,5,3,26,0,3,0,1,16,54.6351851851852,66.72,58.519000000000005,58.776315789473685
75036,76,95,67,18,13,77,1,11,1,3,35,56.96641791044776,63.67722222222223,55.159368421052605,52.06144736842107
75037,93,141,108,43,9,86,2,26,0,8,61,58.41796296296297,56.82581395348838,58.68184397163122,57.3401075268817
75042,43,69,50,17,10,58,1,5,0,3,33,48.52960000000001,59.55176470588236,50.692463768115935,49.35697674418604
75048,78,92,62,21,8,49,1,11,1,4,29,60.52661290322581,61.08714285714285,59.00108695652173,59.36564102564102
75049,75,85,60,12,7,59,1,4,0,0,26,56.66599999999999,59.43083333333333,56.87717647058825,56.4332
75050,31,46,38,12,8,41,2,5,0,3,23,51.689736842105255,56.87500000000001,55.51065217391305,52.752903225806456
75051,22,38,24,4,9,39,2,0,0,0,21,50.552083333333336,50.885,51.28973684210526,50.304545454545455
75052,60,71,53,20,10,44,1,11,0,5,19,56.5811320754717,59.11350000000001,57.364507042253514,54.94783333333333
75053,76,82,50,28,12,53,1,10,1,5,28,58.15740000000001,57.2925,56.26512195121954,54.982500000000016
75054,47,66,38,22,10,46,2,8,0,4,26,56.61447368421054,53.62818181818182,54.84651515151514,53.53659574468084
75055,61,65,34,13,9,40,1,7,2,5,19,59.55205882352942,59.43923076923076,58.39230769230769,53.118360655737725
75056,82,109,86,16,8,55,0,11,0,4,41,62.2872093023256,60.516875000000006,62.71990825688073,61.34597560975609
75057,35,51,31,7,3,15,0,6,0,1,19,62.913548387096775,68.29428571428572,64.89921568627452,63.5
75058,93,52,33,6,16,83,1,2,0,1,14,50.981212121212124,51.64500000000001,49.20057692307694,43.935913978494625
75061,0,6,6,0,0,4,0,0,0,0,6,52.595,,52.88333333333333,
75068,58,73,44,6,9,58,0,4,1,2,30,52.18863636363637,51.373333333333335,53.95698630136988,50.60327586206897
75074,43,64,44,19,2,51,3,8,0,4,30,56.217954545454525,56.35999999999999,56.07234375000001,56.223953488372096
75075,38,53,39,15,3,17,3,5,0,1,22,63.388717948717954,68.82,65.89584905660377,64.45052631578949
75076,32,66,52,10,4,32,1,6,0,1,39,65.83403846153847,63.572,65.15863636363635,64.0240625
75087,69,96,72,10,8,55,0,7,0,3,46,60.944166666666646,63.948,60.693124999999974,57.58623188405797
75088,70,85,52,12,4,45,2,2,0,2,33,61.82038461538461,69.47583333333334,63.00988235294117,65.01942857142855
75089,22,33,27,7,4,14,0,4,0,0,15,67.84851851851852,81.82714285714285,66.30848484848485,64.03863636363636
75090,38,57,36,6,1,18,0,1,0,0,26,66.17638888888888,77.16000000000001,68.22421052631582,70.45842105263156
75091,36,50,42,6,3,25,0,4,0,0,22,64.37309523809523,75.20666666666666,65.9292,65.66805555555557
75092,71,105,61,9,2,34,1,2,0,0,49,68.55540983606558,67.51111111111112,69.01133333333334,69.57422535211268
75093,1,0,0,0,0,1,0,0,0,0,0,,,,36.09
75109,46,60,41,12,2,45,0,3,0,3,25,54.233902439024384,57.81583333333333,55.63433333333333,53.099130434782595
75110,84,113,64,25,10,82,1,13,0,2,42,55.81531250000001,65.9704,55.27646017699115,55.44238095238096
75113,94,134,106,41,8,73,0,28,0,10,54,56.74801886792451,56.571951219512194,56.537164179104494,53.77606382978723
76001,105,109,65,0,15,90,0,0,0,0,34,53.144000000000005,,54.12559633027524,53.11371428571427
76002,89,110,67,0,11,65,0,0,0,0,27,55.53104477611941,,57.435181818181825,57.36191011235954
76003,45,63,41,0,5,27,0,0,0,0,24,59.82585365853659,,62.32603174603174,61.90688888888888
76004,49,63,29,0,0,25,0,0,0,0,18,71.08724137931036,,65.35984126984128,65.19265306122448
76005,36,50,30,0,2,20,0,0,0,0,20,67.429,,66.4334,65.57611111111113
76006,74,87,58,0,5,43,0,0,0,0,25,60.78741379310344,,61.76839080459769,62.25689189189192
76007,80,90,72,0,16,70,0,0,0,0,28,55.17138888888891,,55.48533333333336,53.49412499999998
76008,47,51,36,0,8,40,0,0,0,0,18,53.270277777777785,,56.85627450980393,57.04489361702129
76009,50,65,27,0,1,22,0,0,0,0,25,70.72777777777776,,69.13061538461538,66.53960000000001
76010,85,119,94,0,13,70,0,0,0,0,46,57.85851063829788,,57.564033613445396,57.015411764705874
76011,63,66,44,0,21,61,0,0,0,0,17,42.864318181818184,,45.61454545454545,44.743492063492056
76012,79,102,60,0,7,48,0,0,0,0,34,61.62683333333334,,62.475392156862746,60.04227848101266
76013,65,82,38,0,4,24,0,0,0,0,30,71.70315789473683,,70.92378048780486,68.86046153846155
76014,64,64,40,0,7,44,0,0,0,0,15,55.54625,,56.0846875,54.97734374999999
76015,52,74,39,0,3,36,0,0,0,0,29,61.551538461538456,,63.79432432432432,61.21269230769227
76016,147,161,117,0,10,81,0,0,0,0,45,61.4152136752137,,63.88590062111798,63.1208163265306
76017,101,118,82,0,5,45,0,0,0,0,28,69.1160975609756,,65.82059322033899,64.97405940594058
76018,56,63,41,0,8,59,0,0,0,0,18,54.64146341463412,,49.48444444444445,49.567142857142876
76019,33,40,29,0,6,25,0,0,0,0,15,50.76344827586207,,57.92924999999999,58.62060606060606
76020,86,107,78,0,8,47,0,0,0,0,32,64.89051282051282,,65.45869158878504,66.35174418604655
76021,121,154,85,2,10,62,2,0,0,0,57,65.15188235294116,33.515,65.60474025974027,63.12611570247934
76022,53,77,58,0,4,32,0,0,0,0,32,59.86155172413793,,61.78311688311684,55.705283018867924
76023,46,47,28,0,3,26,0,0,0,0,10,61.92857142857143,,66.42446808510638,64.54391304347826
76024,54,81,47,0,5,34,0,0,0,0,38,64.12319148936172,,65.98456790123456,62.51833333333333
76025,103,130,82,0,1,47,0,0,0,0,39,63.7489024390244,,66.38523076923076,65.65475728155337
76026,83,97,51,0,7,48,0,0,0,0,30,61.32313725490196,,58.1961855670103,60.46168674698797
76027,77,90,60,0,19,60,0,0,0,0,29,55.68449999999999,,59.05833333333333,56.43857142857144
76028,108,138,82,0,14,63,0,0,0,0,47,59.473902439024386,,60.38188405797098,58.219444444444406
76029,58,69,39,0,6,31,0,0,0,0,19,62.0048717948718,,62.06014492753623,60.61862068965518
76030,51,66,36,0,5,29,0,0,0,0,22,62.37333333333332,,62.352878787878815,62.1670588235294
76031,55,78,62,0,1,53,0,0,0,0,34,55.619838709677424,,56.71038461538465,57.367090909090926
76032,82,127,83,0,10,53,0,0,0,0,49,61.00493975903614,,58.08188976377953,61.864756097560985
76033,70,87,49,0,8,49,0,0,0,0,28,56.46673469387755,,60.081494252873576,59.82485714285713
76034,117,144,79,0,14,69,0,0,0,0,38,59.41936708860761,,61.32604166666665,61.66205128205127
76035,126,144,92,0,4,70,0,0,0,0,38,64.8293478260869,,64.56451388888891,63.39817460317458
76036,49,61,45,0,4,32,0,0,0,0,20,58.36155555555553,,59.38819672131148,59.78163265306123
76037,58,77,53,0,8,44,0,0,0,0,28,58.00245283018869,,60.71974025974027,58.53672413793101
76038,81,94,57,0,7,46,0,0,0,0,30,61.527894736842114,,63.176914893616996,63.968271604938266
76039,81,103,64,2,11,59,0,1,0,1,36,58.65656249999999,39.485,59.440776699029165,57.34703703703703
76040,110,127,74,0,4,75,0,0,0,0,41,62.30716216216216,,61.13236220472442,59.557454545454554
76041,99,105,78,0,30,103,0,0,0,0,22,43.35448717948717,,44.835428571428565,44.894949494949486
76042,117,150,90,0,7,51,0,0,0,0,50,67.47466666666666,,66.6218666666667,67.1594017094017
76043,82,118,67,0,12,51,0,0,0,0,51,62.002388059701474,,62.81338983050846,61.13463414634146
76044,103,120,70,0,8,65,0,0,0,0,33,62.61842857142856,,59.45041666666668,60.39203883495145
76045,64,85,43,0,3,26,0,0,0,0,30,65.49534883720929,,67.77341176470584,67.08593749999999
76046,83,111,75,0,7,56,0,0,0,0,46,64.11533333333331,,64.93990990990991,61.493855421686725
76047,40,57,37,0,7,26,0,0,0,0,25,51.91567567567569,,55.97052631578945,51.433749999999996
76048,102,131,73,0,9,71,0,0,0,0,42,63.58397260273973,,60.707938931297704,58.932058823529374
76049,108,121,70,0,17,76,0,0,0,0,28,59.94485714285713,,55.07694214876035,54.6603703703704
76050,75,107,76,0,14,67,0,0,0,0,47,55.370789473684205,,59.54299065420561,55.653600000000004
76051,116,149,76,0,6,64,0,0,0,0,46,64.8078947368421,,65.16973154362417,61.94974137931034
76052,116,131,79,1,22,89,0,0,0,0,34,54.458481012658254,23.83,55.86106870229008,53.85137931034483
76053,80,85,51,0,16,68,0,0,0,0,23,57.03019607843138,,53.2824705882353,51.12387499999999
76054,92,117,77,0,17,80,0,0,0,0,39,54.015584415584414,,53.00282051282052,50.034021739130445
76055,121,144,105,1,18,105,1,0,0,0,45,56.565428571428555,25.79,54.52118055555555,52.089338842975216
76056,56,62,49,0,11,48,0,0,0,0,19,58.38346938775509,,55.600806451612904,52.79250000000002
76057,107,144,79,0,12,70,0,0,0,0,45,59.10164556962024,,59.55069444444445,59.97551401869159
76058,133,169,87,0,4,40,0,0,0,0,53,68.19413793103449,,68.28011834319528,68.40541353383458
76059,93,120,79,0,21,66,0,0,0,0,46,59.713164556962006,,60.71416666666664,54.613333333333365
76060,89,112,71,1,15,72,0,0,0,0,39,57.565352112676045,27.04,57.594732142857126,54.121123595505644
76061,69,83,47,0,5,47,0,0,0,0,25,60.278085106382974,,59.91915662650602,59.347826086956516
76062,86,109,80,0,12,59,0,0,0,0,39,59.33612499999998,,60.618440366972486,59.262325581395345
76063,66,90,44,0,6,39,0,0,0,0,34,63.94863636363637,,61.673555555555595,59.14984848484847
76064,87,108,64,0,10,46,0,0,0,0,42,65.35468749999998,,64.15083333333337,62.41862068965514
76065,127,154,99,0,13,70,0,0,0,0,46,61.10303030303027,,62.00266233766232,61.40685039370079
76066,62,67,42,0,10,59,0,0,0,0,17,50.49595238095238,,49.66835820895522,49.856612903225816
76067,87,117,75,0,15,71,0,0,0,0,40,57.566400000000016,,57.79940170940169,54.76816091954023
76068,99,111,71,0,6,58,0,0,0,0,34,63.006760563380304,,63.06081081081078,62.832222222222214
76069,98,145,89,0,6,73,0,0,0,0,58,60.83786516853933,,62.19179310344826,60.13561224489794
76070,81,126,86,0,3,53,0,0,0,0,51,64.03523255813954,,64.74865079365078,64.08074074074078
76071,78,111,69,0,12,58,0,0,0,0,48,61.124927536231894,,62.01801801801802,58.64756410256412
76072,140,160,108,0,22,111,0,0,0,0,40,54.750648148148166,,55.10650000000002,53.63900000000002
76073,71,85,50,1,6,45,0,1,1,1,20,57.36379999999999,26.36,59.89552941176471,59.20887323943662
76074,89,108,79,0,19,83,0,0,0,0,37,55.08455696202532,,56.46092592592591,55.84696629213482
76075,139,153,92,1,10,88,0,0,0,0,42,57.66010869565218,28.72,58.65712418300655,58.05654676258994
76076,97,113,80,0,19,85,0,0,0,0,32,51.71024999999999,,51.80318584070797,53.00938144329898
76077,142,155,98,0,13,90,0,0,0,0,40,60.335408163265306,,59.519870967741944,58.83225352112679
76078,105,138,84,0,9,54,0,0,0,0,47,64.98821428571425,,65.75413043478261,63.8618095238095
76079,80,93,52,1,8,44,1,0,0,0,25,62.48153846153846,29.94,62.47376344086022,59.38499999999998
76080,86,97,80,0,21,83,0,0,0,0,25,46.78312500000001,,49.342577319587626,48.19511627906975
76081,65,73,62,0,21,71,0,0,0,0,20,49.12693548387095,,47.26794520547946,47.02507692307694
76082,75,73,42,0,7,69,0,0,0,0,19,60.4904761904762,,53.8321917808219,50.06813333333335
76083,184,214,126,0,12,73,0,0,0,0,61,64.17174603174603,,65.93911214953272,65.93489130434781
76084,120,152,93,0,18,92,0,0,0,0,51,60.105483870967745,,59.78809210526314,58.546166666666664
76085,92,109,73,0,10,62,0,0,0,0,38,62.24465753424655,,62.2759633027523,61.429782608695675
76086,69,79,59,0,4,71,0,0,0,0,24,53.94491525423729,,56.32911392405063,53.16507246376812
76087,44,38,30,0,5,40,0,0,0,0,6,49.93866666666666,,49.50447368421053,47.912499999999994
76088,86,101,65,0,8,59,0,0,0,0,33,62.20876923076923,,61.17752475247525,60.5046511627907
76089,49,61,37,0,8,44,0,0,0,0,19,51.61297297297296,,53.12721311475409,49.321020408163264
76090,0,1,1,0,1,1,0,0,0,0,1,21.49,,21.04,
76099,83,82,57,0,10,65,0,0,0,0,20,50.28052631578945,,53.15743902439025,53.79783132530121
76100,99,113,79,0,20,88,0,0,0,0,28,52.43658227848102,,53.55592920353981,53.82434343434342
76101,53,63,40,0,6,22,0,0,0,0,18,68.37374999999999,,67.13920634920635,64.96377358490565
76102,49,66,40,0,1,27,0,0,0,0,23,58.546500000000016,,68.85287878787878,66.28653061224489
76103,51,57,44,0,2,33,0,0,0,0,17,58.81113636363637,,50.50438596491229,57.95411764705882
